{
  "project_info": {
    "project_number": "1017559690531",
    "firebase_url": "https://geekoutt-d360a-default-rtdb.firebaseio.com",
    "project_id": "geekoutt-d360a",
    "storage_bucket": "geekoutt-d360a.appspot.com"
  },
  "client": [
    {
      "client_info": {
        "mobilesdk_app_id": "1:1017559690531:android:76a7a53e27d4c4f5d37096",
        "android_client_info": {
          "package_name": "com.example.geekout_t"
        }
      },
      "oauth_client": [
        {
          "client_id": "1017559690531-2rhna4r9fgjnikcmgcubkod202el4m08.apps.googleusercontent.com",
          "client_type": 3
        }
      ],
      "api_key": [
        {
          "current_key": "AIzaSyCaRWZcpbJIBGNy48JUBRL0OeHhiipZQzU"
        }
      ],
      "services": {
        "appinvite_service": {
          "other_platform_oauth_client": [
            {
              "client_id": "1017559690531-2rhna4r9fgjnikcmgcubkod202el4m08.apps.googleusercontent.com",
              "client_type": 3
            }
          ]
        }
      }
    },
    {
      "client_info": {
        "mobilesdk_app_id": "1:1017559690531:android:ff0c640acc7a96bad37096",
        "android_client_info": {
          "package_name": "com.example.mygeekout"
        }
      },
      "oauth_client": [
        {
          "client_id": "1017559690531-2rhna4r9fgjnikcmgcubkod202el4m08.apps.googleusercontent.com",
          "client_type": 3
        }
      ],
      "api_key": [
        {
          "current_key": "AIzaSyCaRWZcpbJIBGNy48JUBRL0OeHhiipZQzU"
        }
      ],
      "services": {
        "appinvite_service": {
          "other_platform_oauth_client": [
            {
              "client_id": "1017559690531-2rhna4r9fgjnikcmgcubkod202el4m08.apps.googleusercontent.com",
              "client_type": 3
            }
          ]
        }
      }
    }
  ],
  "configuration_version": "1"
}